{
  "smoke": false,
  "epochs_trained": 12,
  "train_time_s": 3548.08,
  "best_epoch": 4,
  "n_features": 38,
  "seq_len": 60,
  "target_range_cycles": 4100.0,
  "train": {
    "r2": 0.987438976764679,
    "rmse_cycles": 58.7626066926281,
    "mae_cycles": 20.376806259155273,
    "rmse_pct_of_range": 1.433234309576295,
    "mae_pct_of_range": 0.49699527461354326
  },
  "val": {
    "r2": 0.8942273259162903,
    "rmse_cycles": 139.31334118184805,
    "mae_cycles": 49.835906982421875,
    "rmse_pct_of_range": 3.3978863702889766,
    "mae_pct_of_range": 1.2155099264005336
  },
  "test": {
    "r2": 0.8443528413772583,
    "rmse_cycles": 200.3670265101022,
    "mae_cycles": 81.91462707519531,
    "rmse_pct_of_range": 4.887000646587858,
    "mae_pct_of_range": 1.997917733541349
  },
  "gates": {
    "rmse_pct_of_range < 2%": false
  },
  "config": {
    "input_size": null,
    "hidden_size": 64,
    "num_layers": 2,
    "dropout": 0.35,
    "weight_decay": 0.0001,
    "learning_rate": 0.001,
    "batch_size": 64,
    "epochs": 200,
    "patience": 8,
    "sequence_length": 60,
    "scheduler": "cosine"
  }
}