{
  "smoke": false,
  "tuned": false,
  "train_time_s": 7.71,
  "best_iteration": 499,
  "n_features": 32,
  "n_train": 2238950,
  "n_val": 362359,
  "n_test": 300869,
  "params": {
    "n_estimators": 500,
    "max_depth": 6,
    "learning_rate": 0.05,
    "subsample": 0.8,
    "colsample_bytree": 0.8,
    "reg_alpha": 0.1,
    "reg_lambda": 1.0,
    "tree_method": "hist",
    "random_state": 42,
    "n_jobs": -1,
    "early_stopping_rounds": 30
  },
  "train": {
    "r2": 0.9976004362106323,
    "rmse": 1.7191726858403795,
    "mae": 0.8892513513565063,
    "mape": 70.4996109008789
  },
  "val": {
    "r2": 0.9967548847198486,
    "rmse": 2.2136007383355665,
    "mae": 1.1492291688919067,
    "mape": 178.00518798828125
  },
  "test": {
    "r2": 0.9958121180534363,
    "rmse": 2.4271506653533974,
    "mae": 1.4059970378875732,
    "mape": 97.11591339111328
  },
  "gates": {
    "r2 > 0.95": true,
    "rmse < 2%": false,
    "mae < 1.5%": true
  }
}