{
  "smoke": false,
  "tuned": false,
  "train_time_s": 6.07,
  "best_iteration": 499,
  "n_features": 31,
  "n_train": 1540820,
  "n_val": 362359,
  "n_test": 300869,
  "params": {
    "n_estimators": 500,
    "max_depth": 6,
    "learning_rate": 0.05,
    "subsample": 0.8,
    "colsample_bytree": 0.8,
    "reg_alpha": 0.1,
    "reg_lambda": 1.0,
    "tree_method": "hist",
    "random_state": 42,
    "n_jobs": -1,
    "early_stopping_rounds": 30
  },
  "train": {
    "r2": 0.998813807964325,
    "rmse": 1.3027380810274543,
    "mae": 0.6780228018760681,
    "mape": 93.90682983398438
  },
  "val": {
    "r2": 0.9969009160995483,
    "rmse": 2.1632305432759162,
    "mae": 1.0332577228546143,
    "mape": 174.70712280273438
  },
  "test": {
    "r2": 0.9961330890655518,
    "rmse": 2.3322960273550843,
    "mae": 1.2914005517959595,
    "mape": 86.74456787109375
  },
  "gates": {
    "r2 > 0.95": true,
    "rmse < 2%": false,
    "mae < 1.5%": true
  }
}