{
  "smoke": false,
  "tuned": true,
  "train_time_s": 17.45,
  "best_iteration": 757,
  "n_features": 32,
  "n_train": 2238950,
  "n_val": 362359,
  "n_test": 300869,
  "params": {
    "n_estimators": 765,
    "max_depth": 10,
    "learning_rate": 0.043364269603559595,
    "subsample": 0.6504000200102535,
    "colsample_bytree": 0.6447351004472387,
    "reg_alpha": 0.00215396220472139,
    "reg_lambda": 0.31819603759783355,
    "min_child_weight": 9,
    "early_stopping_rounds": 30
  },
  "train": {
    "r2": 0.9993495941162109,
    "rmse": 0.8950349480715827,
    "mae": 0.343468576669693,
    "mape": 46.608299255371094
  },
  "val": {
    "r2": 0.9976550340652466,
    "rmse": 1.8817220988976715,
    "mae": 0.8099375367164612,
    "mape": 110.32335662841797
  },
  "test": {
    "r2": 0.9970449805259705,
    "rmse": 2.0388284015373945,
    "mae": 1.002389669418335,
    "mape": 79.68814086914062
  },
  "gates": {
    "r2 > 0.95": true,
    "rmse < 2%": false,
    "mae < 1.5%": true
  }
}