{
  "smoke": false,
  "tuned": true,
  "train_time_s": 6.98,
  "best_iteration": 441,
  "n_features": 37,
  "n_train": 1540820,
  "n_val": 362359,
  "n_test": 300869,
  "params": {
    "n_estimators": 442,
    "max_depth": 8,
    "learning_rate": 0.06952459387106467,
    "subsample": 0.8676404957486843,
    "colsample_bytree": 0.7350157592817489,
    "reg_alpha": 0.02662021812371104,
    "reg_lambda": 0.22669570883959936,
    "min_child_weight": 8,
    "early_stopping_rounds": 30
  },
  "train": {
    "r2": 0.9999139904975891,
    "rmse": 0.3507936972467843,
    "mae": 0.20811888575553894,
    "mape": 7.843392372131348
  },
  "val": {
    "r2": 0.9994074702262878,
    "rmse": 0.9458928809277448,
    "mae": 0.37422430515289307,
    "mape": 15.844796180725098
  },
  "test": {
    "r2": 0.9991187453269958,
    "rmse": 1.1133907331205402,
    "mae": 0.470737099647522,
    "mape": 7.689142227172852
  },
  "gates": {
    "r2 > 0.95": true,
    "rmse < 2%": true,
    "mae < 1.5%": true
  }
}