contamination,train_rate,val_rate,test_rate,drift_train_to_test_pp,drift_train_to_val_pp,intended_minus_test_pp,abs_drift_pp
0.03,0.02999620357756984,0.0258528144740437,0.035792986316303774,0.5796782738733932,-0.41433891035261433,-0.5792986316303774,0.5796782738733932
0.04,0.04,0.039444307992902064,0.05365790427062941,1.3657904270629406,-0.05556920070979368,-1.3657904270629406,1.3657904270629406
0.05,0.04999977668103352,0.05321794132338371,0.0669992588136365,1.699948213260298,0.32181646423501964,-1.6999258813636495,1.699948213260298
0.06,0.06,0.06788571554728874,0.08379061983786963,2.3790619837869635,0.7885715547288743,-2.3790619837869635,2.3790619837869635
0.08,0.07999866008620111,0.09251874522227957,0.11748634787897723,3.7487687792776114,1.2520085136078454,-3.7486347878977226,3.7487687792776114
0.1,0.09999866008620112,0.12539498122028153,0.1575104115079985,5.751175142179737,2.5396321134080413,-5.751041150799849,5.751175142179737
