{
  "smoke": false,
  "n_estimators": 200,
  "contamination": 0.05,
  "n_features": 38,
  "fit_time_s": 4.59,
  "threshold": -0.0,
  "train_anomaly_rate": 0.04999977668103352,
  "val_anomaly_rate": 0.05321794132338371,
  "test_anomaly_rate": 0.0669992588136365,
  "score_quartiles_test": {
    "p25": -0.15454139658459198,
    "p50": -0.106479402271968,
    "p75": -0.04884959837007302,
    "p99": 0.039209471977187396
  }
}