{
  "LFP": {
    "method": "poly2",
    "median_rel_err_pct": 2.81252399726942,
    "convergence_rate": 0.983739837398374
  },
  "NMC": {
    "method": "poly2",
    "median_rel_err_pct": 2.8896590454892164,
    "convergence_rate": 0.9354838709677419
  },
  "Zn-ion": {
    "method": "poly2",
    "median_rel_err_pct": 1.5466489814018294,
    "convergence_rate": 0.8952380952380953
  },
  "NCA": {
    "method": "poly2",
    "median_rel_err_pct": 3.8635937259775854,
    "convergence_rate": 0.8266666666666667
  },
  "other": {
    "method": "poly2",
    "median_rel_err_pct": 4.324186230706233,
    "convergence_rate": 0.7575757575757576
  },
  "Na-ion": {
    "method": "linear",
    "median_rel_err_pct": 3.3638164237824952,
    "convergence_rate": 1.0
  },
  "LCO": {
    "method": "poly2",
    "median_rel_err_pct": 8.883784633568169,
    "convergence_rate": 0.9166666666666666
  }
}