{
  "iter": 3,
  "router_manifest": "models/per_chemistry/router_manifest.json",
  "n_test_rows": 300869,
  "n_chemistries_routed": 7,
  "vectorized_dispatch_sanity_ok": true,
  "router": {
    "grade_acc": 0.971249945989783,
    "r2": 0.9974604249000549,
    "rmse": 1.8900742792741523,
    "mae": 0.9451677799224854
  },
  "global_audited": {
    "grade_acc": 0.9705353492716099,
    "r2": 0.9970449805259705,
    "rmse": 2.0388284015373945,
    "mae": 1.002389669418335
  },
  "delta": {
    "grade_acc_pp": 0.07145967181730883,
    "r2": 0.00041544437408447266,
    "rmse": -0.14875412226324225,
    "mae": -0.05722188949584961
  }
}