chemistry,n_test,router_grade_acc,global_grade_acc,delta_pp,dispatch
LCO,6896,0.8580336426914154,0.8259860788863109,3.204756380510443,router
LFP,54924,0.9778239021192922,0.9796263928337339,-0.1802490714441718,router
NCA,8815,0.9853658536585366,0.932047646057856,5.331820760068062,router
NMC,209743,0.9653433010875214,0.9647044239855442,0.06388771019771866,router
Na-ion,2009,0.9980089596814335,0.9651567944250871,3.285216525634649,router
Zn-ion,14161,0.9033260362968717,0.8976061012640351,0.5719935032836632,router
other,4321,0.9974542929877344,0.9451515852811849,5.230270770654943,router
