{
  "smoke": false,
  "audited": true,
  "uncensored_train": true,
  "epochs_trained": 25,
  "train_time_s": 5584.72,
  "best_epoch": 17,
  "n_features": 32,
  "n_parameters": 29313,
  "receptive_field": 61,
  "seq_len": 60,
  "target_range_cycles": 4100.0,
  "hyperparameters": {
    "channels": [
      32,
      32,
      32,
      32
    ],
    "kernel_size": 3,
    "dropout": 0.3,
    "weight_decay": 0.0001,
    "learning_rate": 0.001,
    "batch_size": 64,
    "patience": 8,
    "sequence_length": 60,
    "tag": "_B_smallarch"
  },
  "train": {
    "r2": 0.8750263452529907,
    "rmse_cycles": 159.94167638157978,
    "mae_cycles": 38.903438568115234,
    "rmse_pct_of_range": 3.901016497111702,
    "mae_pct_of_range": 0.9488643553198837
  },
  "val": {
    "r2": 0.9102769494056702,
    "rmse_cycles": 103.00802077386983,
    "mae_cycles": 29.22666358947754,
    "rmse_pct_of_range": 2.512390750582191,
    "mae_pct_of_range": 0.7128454534018912
  },
  "test": {
    "r2": 0.7922384142875671,
    "rmse_cycles": 231.49325887863344,
    "mae_cycles": 92.97318267822266,
    "rmse_pct_of_range": 5.646177045820328,
    "mae_pct_of_range": 2.2676386019078696
  },
  "test_censoring_stratified": {
    "uncensored_only": {
      "n": 243868,
      "r2": 0.799340546131134,
      "rmse_cycles": 104.8048083418051,
      "mae_cycles": 33.88948440551758,
      "rmse_pct_of_range": 2.5562148376050025,
      "mae_pct_of_range": 0.8265727903784775
    },
    "censored_only": {
      "n": 44066,
      "r2": 0.5882495641708374,
      "rmse_cycles": 537.9332265718488,
      "mae_cycles": 419.95147705078125,
      "rmse_pct_of_range": 13.120322599313383,
      "mae_pct_of_range": 10.24271895245808
    }
  },
  "gates": {
    "rmse_pct_of_range < 2% strict (uncensored test)": false,
    "rmse_pct_of_range < 3% soft   (uncensored test)": true,
    "rmse_pct_of_range < 5% widely-cited literature": true
  }
}