{
  "smoke": false,
  "audited": true,
  "uncensored_train": true,
  "epochs_trained": 19,
  "train_time_s": 4300.97,
  "best_epoch": 11,
  "n_features": 32,
  "n_parameters": 64449,
  "receptive_field": 61,
  "seq_len": 60,
  "target_range_cycles": 4100.0,
  "train": {
    "r2": 0.9238011837005615,
    "rmse_cycles": 124.88965051071085,
    "mae_cycles": 32.006919860839844,
    "rmse_pct_of_range": 3.046089036846606,
    "mae_pct_of_range": 0.7806565819717035
  },
  "val": {
    "r2": 0.9136001467704773,
    "rmse_cycles": 101.08240372958095,
    "mae_cycles": 28.339885711669922,
    "rmse_pct_of_range": 2.465424481209291,
    "mae_pct_of_range": 0.6912167246748762
  },
  "test": {
    "r2": 0.704336404800415,
    "rmse_cycles": 276.15610678111034,
    "mae_cycles": 105.1277847290039,
    "rmse_pct_of_range": 6.735514799539278,
    "mae_pct_of_range": 2.56409231046351
  },
  "test_censoring_stratified": {
    "uncensored_only": {
      "n": 243868,
      "r2": 0.8478332757949829,
      "rmse_cycles": 91.26647967627545,
      "mae_cycles": 31.179031372070312,
      "rmse_pct_of_range": 2.2260116994213526,
      "mae_pct_of_range": 0.760464179806593
    },
    "censored_only": {
      "n": 44066,
      "r2": 0.35654330253601074,
      "rmse_cycles": 672.4670066256039,
      "mae_cycles": 514.3714599609375,
      "rmse_pct_of_range": 16.401634307941556,
      "mae_pct_of_range": 12.545645364900915
    }
  },
  "gates": {
    "rmse_pct_of_range < 2% strict (uncensored test)": false,
    "rmse_pct_of_range < 3% soft   (uncensored test)": true,
    "rmse_pct_of_range < 5% widely-cited literature": true
  },
  "config": {
    "input_size": null,
    "num_channels": [
      32,
      32,
      64,
      64
    ],
    "kernel_size": 3,
    "dropout": 0.3,
    "weight_decay": 0.0001,
    "learning_rate": 0.001,
    "batch_size": 64,
    "epochs": 200,
    "patience": 8,
    "sequence_length": 60,
    "scheduler": "cosine"
  }
}