{
  "smoke": false,
  "audited": true,
  "uncensored_train": true,
  "epochs_trained": 28,
  "train_time_s": 6369.92,
  "best_epoch": 20,
  "n_features": 32,
  "n_parameters": 64449,
  "receptive_field": 61,
  "seq_len": 60,
  "target_range_cycles": 4100.0,
  "hyperparameters": {
    "channels": [
      32,
      32,
      64,
      64
    ],
    "kernel_size": 3,
    "dropout": 0.3,
    "weight_decay": 0.001,
    "learning_rate": 0.001,
    "batch_size": 64,
    "patience": 8,
    "sequence_length": 60,
    "tag": "_C_strongwd"
  },
  "train": {
    "r2": 0.7638390064239502,
    "rmse_cycles": 219.86521083950504,
    "mae_cycles": 48.77366638183594,
    "rmse_pct_of_range": 5.362566118036708,
    "mae_pct_of_range": 1.1896016190691692
  },
  "val": {
    "r2": 0.9052925109863281,
    "rmse_cycles": 105.83057841722778,
    "mae_cycles": 29.911205291748047,
    "rmse_pct_of_range": 2.581233619932385,
    "mae_pct_of_range": 0.7295415924816597
  },
  "test": {
    "r2": 0.750662088394165,
    "rmse_cycles": 253.6003715247673,
    "mae_cycles": 99.72200012207031,
    "rmse_pct_of_range": 6.185374915238227,
    "mae_pct_of_range": 2.432243905416349
  },
  "test_censoring_stratified": {
    "uncensored_only": {
      "n": 243868,
      "r2": 0.8254626989364624,
      "rmse_cycles": 97.74521947229695,
      "mae_cycles": 32.661712646484375,
      "rmse_pct_of_range": 2.3840297432267548,
      "mae_pct_of_range": 0.7966271377191312
    },
    "censored_only": {
      "n": 44066,
      "r2": 0.47728288173675537,
      "rmse_cycles": 606.1005743686438,
      "mae_cycles": 470.84381103515625,
      "rmse_pct_of_range": 14.782940838259606,
      "mae_pct_of_range": 11.483995391101372
    }
  },
  "gates": {
    "rmse_pct_of_range < 2% strict (uncensored test)": false,
    "rmse_pct_of_range < 3% soft   (uncensored test)": true,
    "rmse_pct_of_range < 5% widely-cited literature": true
  }
}