{
  "smoke": false,
  "audited": true,
  "uncensored_train": true,
  "epochs_trained": 24,
  "train_time_s": 5678.42,
  "best_epoch": 16,
  "n_features": 32,
  "n_parameters": 20273,
  "receptive_field": 61,
  "seq_len": 60,
  "target_range_cycles": 4100.0,
  "hyperparameters": {
    "channels": [
      16,
      16,
      32,
      32
    ],
    "kernel_size": 3,
    "dropout": 0.5,
    "weight_decay": 0.001,
    "learning_rate": 0.001,
    "batch_size": 64,
    "patience": 8,
    "sequence_length": 60,
    "tag": "_F_aggressive"
  },
  "train": {
    "r2": 0.9862529635429382,
    "rmse_cycles": 53.04653672572555,
    "mae_cycles": 17.272642135620117,
    "rmse_pct_of_range": 1.2938179689201355,
    "mae_pct_of_range": 0.4212839545273199
  },
  "val": {
    "r2": 0.881725549697876,
    "rmse_cycles": 118.26725891492539,
    "mae_cycles": 32.16249465942383,
    "rmse_pct_of_range": 2.8845672906079365,
    "mae_pct_of_range": 0.7844510892542397
  },
  "test": {
    "r2": 0.5517067313194275,
    "rmse_cycles": 340.04533245583593,
    "mae_cycles": 130.21055603027344,
    "rmse_pct_of_range": 8.293788596483804,
    "mae_pct_of_range": 3.1758672202505713
  },
  "test_censoring_stratified": {
    "uncensored_only": {
      "n": 243868,
      "r2": 0.8338067531585693,
      "rmse_cycles": 95.38018088811742,
      "mae_cycles": 32.459598541259766,
      "rmse_pct_of_range": 2.3263458753199373,
      "mae_pct_of_range": 0.7916975253965796
    },
    "censored_only": {
      "n": 44066,
      "r2": -0.003440380096435547,
      "rmse_cycles": 839.7637316531359,
      "mae_cycles": 671.1793212890625,
      "rmse_pct_of_range": 20.48204223544234,
      "mae_pct_of_range": 16.37022734851372
    }
  },
  "gates": {
    "rmse_pct_of_range < 2% strict (uncensored test)": false,
    "rmse_pct_of_range < 3% soft   (uncensored test)": true,
    "rmse_pct_of_range < 5% widely-cited literature": true
  }
}