{
  "smoke": false,
  "audited": true,
  "uncensored_train": true,
  "epochs_trained": 11,
  "train_time_s": 2453.17,
  "best_epoch": 3,
  "n_features": 32,
  "n_parameters": 29313,
  "receptive_field": 61,
  "seq_len": 60,
  "target_range_cycles": 4100.0,
  "hyperparameters": {
    "channels": [
      32,
      32,
      32,
      32
    ],
    "kernel_size": 3,
    "dropout": 0.45,
    "weight_decay": 0.001,
    "learning_rate": 0.001,
    "batch_size": 64,
    "patience": 8,
    "sequence_length": 60,
    "tag": "_E_combo2"
  },
  "train": {
    "r2": 0.9345625638961792,
    "rmse_cycles": 115.7352303954483,
    "mae_cycles": 35.83755874633789,
    "rmse_pct_of_range": 2.8228104974499586,
    "mae_pct_of_range": 0.874086798691168
  },
  "val": {
    "r2": 0.8877716064453125,
    "rmse_cycles": 115.20475148892514,
    "mae_cycles": 34.91069412231445,
    "rmse_pct_of_range": 2.8098719875347595,
    "mae_pct_of_range": 0.8514803444466941
  },
  "test": {
    "r2": 0.7080310583114624,
    "rmse_cycles": 274.42520895956335,
    "mae_cycles": 108.48590087890625,
    "rmse_pct_of_range": 6.6932977795015445,
    "mae_pct_of_range": 2.6459975824123476
  },
  "test_censoring_stratified": {
    "uncensored_only": {
      "n": 243868,
      "r2": 0.7767501473426819,
      "rmse_cycles": 110.54701082147133,
      "mae_cycles": 38.71356201171875,
      "rmse_pct_of_range": 2.696268556621252,
      "mae_pct_of_range": 0.9442332197980183
    },
    "censored_only": {
      "n": 44066,
      "r2": 0.39604461193084717,
      "rmse_cycles": 651.4989927083541,
      "mae_cycles": 494.61669921875,
      "rmse_pct_of_range": 15.8902193343501,
      "mae_pct_of_range": 12.063821932164634
    }
  },
  "gates": {
    "rmse_pct_of_range < 2% strict (uncensored test)": false,
    "rmse_pct_of_range < 3% soft   (uncensored test)": true,
    "rmse_pct_of_range < 5% widely-cited literature": true
  }
}