{
  "smoke": true,
  "audited": true,
  "uncensored_train": true,
  "epochs_trained": 5,
  "train_time_s": 7.2,
  "best_epoch": 5,
  "n_features": 32,
  "n_parameters": 29313,
  "receptive_field": 61,
  "seq_len": 60,
  "target_range_cycles": 767.0,
  "hyperparameters": {
    "channels": [
      32,
      32,
      32,
      32
    ],
    "kernel_size": 3,
    "dropout": 0.45,
    "weight_decay": 0.0005,
    "learning_rate": 0.001,
    "batch_size": 64,
    "patience": 8,
    "sequence_length": 60,
    "tag": "_smoke_test"
  },
  "train": {
    "r2": 0.9018371105194092,
    "rmse_cycles": 50.66566653686696,
    "mae_cycles": 25.320966720581055,
    "rmse_pct_of_range": 6.605693159956578,
    "mae_pct_of_range": 3.3012994420575037
  },
  "val": {
    "r2": 0.7983222007751465,
    "rmse_cycles": 51.649436653661816,
    "mae_cycles": 24.62043571472168,
    "rmse_pct_of_range": 6.733955235157994,
    "mae_pct_of_range": 3.209965542988485
  },
  "test": {
    "r2": -3.127376079559326,
    "rmse_cycles": 864.3368845537022,
    "mae_cycles": 343.1120300292969,
    "rmse_pct_of_range": 112.6905977253849,
    "mae_pct_of_range": 44.73429335453675
  },
  "test_censoring_stratified": {
    "uncensored_only": {
      "n": 4320,
      "r2": 0.7359553575515747,
      "rmse_cycles": 82.55296003740568,
      "mae_cycles": 36.343597412109375,
      "rmse_pct_of_range": 10.763097788449242,
      "mae_pct_of_range": 4.738409049818693
    },
    "censored_only": {
      "n": 2843,
      "r2": -8.181039810180664,
      "rmse_cycles": 1368.1829647382692,
      "mae_cycles": 809.25341796875,
      "rmse_pct_of_range": 178.3810905786531,
      "mae_pct_of_range": 105.50892020453064
    }
  },
  "gates": {
    "rmse_pct_of_range < 2% strict (uncensored test)": false,
    "rmse_pct_of_range < 3% soft   (uncensored test)": false,
    "rmse_pct_of_range < 5% widely-cited literature": false
  }
}