epoch,train_loss,val_loss,epoch_time_s
1,15996.44619488196,8429.19549325753,1.78
2,6596.331600229877,4636.257457137459,1.34
3,4677.298181354559,3259.3925983103572,1.34
4,3617.6342212038194,2693.70113989551,1.33
5,3315.804371742923,2667.6646674548238,1.35
