{
  "smoke": false,
  "tuned": false,
  "audited": true,
  "uncensored_train": false,
  "imputed_rul": false,
  "train_time_s": 6.16,
  "best_iteration": 416,
  "n_features": 32,
  "n_train": 2238950,
  "n_val": 362359,
  "n_test": 300869,
  "target_range_cycles": 4160.0,
  "params": {
    "n_estimators": 500,
    "max_depth": 6,
    "learning_rate": 0.05,
    "subsample": 0.8,
    "colsample_bytree": 0.8,
    "reg_alpha": 0.1,
    "reg_lambda": 1.0,
    "tree_method": "hist",
    "random_state": 42,
    "n_jobs": -1,
    "early_stopping_rounds": 30
  },
  "train": {
    "r2": 0.9903311729431152,
    "rmse_cycles": 52.497356239237185,
    "mae_cycles": 18.885005950927734,
    "rmse_pct_of_range": 1.261955678827817,
    "mae_pct_of_range": 0.4539664892049936
  },
  "val": {
    "r2": 0.9453134536743164,
    "rmse_cycles": 102.76852688049732,
    "mae_cycles": 40.6707649230957,
    "rmse_pct_of_range": 2.4703972807811856,
    "mae_pct_of_range": 0.9776626183436468
  },
  "test": {
    "r2": 0.9071293473243713,
    "rmse_cycles": 157.24165940718444,
    "mae_cycles": 66.0417251586914,
    "rmse_pct_of_range": 3.779847581903472,
    "mae_pct_of_range": 1.5875414701608512
  },
  "test_censoring_stratified": {
    "uncensored_only": {
      "n": 254107,
      "r2": 0.8410011529922485,
      "rmse_cycles": 98.69049829200884,
      "mae_cycles": 34.425872802734375,
      "rmse_pct_of_range": 2.3723677474040588,
      "mae_pct_of_range": 0.8275450192964995
    },
    "censored_only": {
      "n": 46762,
      "r2": 0.8522642850875854,
      "rmse_cycles": 325.81413652955575,
      "mae_cycles": 237.84378051757812,
      "rmse_pct_of_range": 7.8320705896527825,
      "mae_pct_of_range": 5.7173985701340895
    }
  },
  "gates": {
    "rmse_pct_of_range < 2% (full test)": false,
    "rmse_pct_of_range < 2% (uncensored test)": false
  }
}