{
  "smoke": false,
  "tuned": false,
  "audited": true,
  "uncensored_train": true,
  "imputed_rul": false,
  "train_time_s": 3.2,
  "best_iteration": 206,
  "n_features": 32,
  "n_train": 2040582,
  "n_val": 314370,
  "n_test": 300869,
  "target_range_cycles": 4160.0,
  "params": {
    "n_estimators": 500,
    "max_depth": 6,
    "learning_rate": 0.05,
    "subsample": 0.8,
    "colsample_bytree": 0.8,
    "reg_alpha": 0.1,
    "reg_lambda": 1.0,
    "tree_method": "hist",
    "random_state": 42,
    "n_jobs": -1,
    "early_stopping_rounds": 30
  },
  "train": {
    "r2": 0.9878178834915161,
    "rmse_cycles": 50.859379800306996,
    "mae_cycles": 14.462423324584961,
    "rmse_pct_of_range": 1.2225812451996876,
    "mae_pct_of_range": 0.34765440684098464
  },
  "val": {
    "r2": 0.9251943826675415,
    "rmse_cycles": 96.44853205693438,
    "mae_cycles": 27.622743606567383,
    "rmse_pct_of_range": 2.3184743282916918,
    "mae_pct_of_range": 0.6640082597732544
  },
  "test": {
    "r2": 0.6954152584075928,
    "rmse_cycles": 284.7622912184828,
    "mae_cycles": 108.01231384277344,
    "rmse_pct_of_range": 6.845247385059682,
    "mae_pct_of_range": 2.596449851989746
  },
  "test_censoring_stratified": {
    "uncensored_only": {
      "n": 254107,
      "r2": 0.8959919214248657,
      "rmse_cycles": 79.82002154750242,
      "mae_cycles": 30.89427947998047,
      "rmse_pct_of_range": 1.918750517968808,
      "mae_pct_of_range": 0.742650949037992
    },
    "censored_only": {
      "n": 46762,
      "r2": 0.32208508253097534,
      "rmse_cycles": 697.9345868346117,
      "mae_cycles": 527.075439453125,
      "rmse_pct_of_range": 16.777273721985857,
      "mae_pct_of_range": 12.67008267916166
    }
  },
  "gates": {
    "rmse_pct_of_range < 2% (full test)": false,
    "rmse_pct_of_range < 2% (uncensored test)": true
  }
}