chemistry,n_train,n_val,n_test,submodel_r2,submodel_rmse,submodel_mae,submodel_grade_acc,fit_time_s,n,global_r2,global_rmse,global_mae,global_grade_acc,global_f1_macro,delta_r2,delta_rmse,delta_grade_acc
LCO,20205,4293,6896,0.8440585136413574,7.006233709420178,3.815593957901001,0.8577436194895591,0.6,6896,0.8001875877380371,7.930762848498929,5.035467624664307,0.8377320185614849,0.8004442713954448,0.04387092590332031,-0.9245291390787518,0.02001160092807419
LFP,240847,57341,54924,0.9608848094940186,1.6895702519911904,1.1175516843795776,0.9802090160949676,1.3,54924,0.9508153200149536,1.8946039874084517,1.300690770149231,0.9794807370184254,0.5495413502262791,0.010069489479064941,-0.20503373541726133,0.0007282790765421598
NCA,30605,11329,8815,0.9968392848968506,0.7982249699344167,0.4901600480079651,0.9853658536585366,0.4,8815,0.9894790649414062,1.456329995115201,1.042953610420227,0.9516732841747022,0.7218016574006914,0.007360219955444336,-0.6581050251807842,0.03369256948383437
NMC,1171078,267568,209743,0.9978887438774109,1.5703348186671866,0.9594148397445679,0.9629594313040244,4.7,209743,0.9978119134902954,1.5986526478706065,0.9977018237113952,0.9645280176215656,0.9440402599688648,7.683038711547852e-05,-0.028317829203419853,-0.0015685863175411985
Na-ion,8593,2002,2009,0.9974815845489502,0.23835510141298144,0.12549276649951935,0.9975111996017919,1.0,2009,0.9281224608421326,1.2733799740020226,0.8879959583282471,0.9790940766550522,0.4757653705992913,0.06935912370681763,-1.0350248725890412,0.018417122946739695
Zn-ion,50950,14941,14161,0.9345049858093262,5.127090771961771,3.5501956939697266,0.910387684485559,1.3,14161,0.9224799871444702,5.577938472076095,4.087963104248047,0.889838288256479,0.8326836436353029,0.012024998664855957,-0.4508477001143243,0.02054939622907992
other,18542,4885,4321,0.9998419880867004,0.06862509377943034,0.04987122863531113,0.9969914371673224,0.4,4321,0.9446169137954712,1.284693486805901,0.9836615324020386,0.952557278407776,0.4750737834918466,0.05522507429122925,-1.2160683930264706,0.04443415875954637
