chemistry,n,n_uncensored,n_censored,median_min_soh,mean_min_soh,median_n_cycles,censoring_rate
NMC,852,811,41,0.15139326263447062,0.29763142907763435,1054.5,0.04812206572769953
LFP,304,136,168,0.800124409090909,0.7204727717155833,1126.5,0.5526315789473685
Zn-ion,140,118,22,0.5438725917634921,0.574270467600218,391.0,0.15714285714285714
NCA,107,92,15,0.7159473462842186,0.7011394133481637,464.0,0.14018691588785046
Na-ion,64,37,27,0.7934937,0.7902250287492633,224.0,0.421875
LCO,59,53,6,0.3245798807818644,0.33502652519592224,168.0,0.1016949152542373
other,55,35,20,0.7885706930924854,0.776868481799236,399.0,0.36363636363636365
