{
  "smoke": false,
  "epochs_trained": 18,
  "train_time_s": 3979.35,
  "best_epoch": 8,
  "n_features": 38,
  "anomaly_threshold": 0.5565088391304016,
  "train_anomaly_rate": 0.05000022331896648,
  "val_anomaly_rate": 0.051015705419211334,
  "test_anomaly_rate": 0.06532411115801229,
  "train_recon_err_mean": 0.19499090313911438,
  "val_recon_err_mean": 0.6376131772994995,
  "test_recon_err_mean": 0.23075871169567108,
  "config": {
    "latent_dim": 12,
    "hidden_dims": [
      128,
      64,
      32
    ],
    "learning_rate": 0.001,
    "batch_size": 64,
    "epochs": 100,
    "beta": 1.0,
    "anomaly_percentile": 95
  }
}