{
  "smoke": false,
  "epochs_trained": 12,
  "train_time_s": 2652.46,
  "best_epoch": 2,
  "n_features": 38,
  "anomaly_threshold": 0.2967161536216736,
  "train_anomaly_rate": 0.05000022331896648,
  "val_anomaly_rate": 0.05198987744198433,
  "test_anomaly_rate": 0.059441152129332035,
  "train_recon_err_mean": 22.068904876708984,
  "val_recon_err_mean": 0.5984534025192261,
  "test_recon_err_mean": 0.16067615151405334,
  "hyperparameters": {
    "beta_target": 1.0,
    "beta_anneal": true,
    "anneal_epochs": 10,
    "latent_dim": 8,
    "tag": "_V4_combo"
  },
  "config": {
    "latent_dim": 12,
    "hidden_dims": [
      128,
      64,
      32
    ],
    "learning_rate": 0.001,
    "batch_size": 64,
    "epochs": 100,
    "beta": 1.0,
    "anomaly_percentile": 95
  }
}