{
  "smoke": false,
  "epochs_trained": 11,
  "train_time_s": 2446.13,
  "best_epoch": 1,
  "n_features": 38,
  "anomaly_threshold": 0.22347654402256012,
  "train_anomaly_rate": 0.05000022331896648,
  "val_anomaly_rate": 0.05081976713701054,
  "test_anomaly_rate": 0.0571777085708398,
  "train_recon_err_mean": 0.21014758944511414,
  "val_recon_err_mean": 0.6318535208702087,
  "test_recon_err_mean": 0.1746310591697693,
  "hyperparameters": {
    "beta_target": 1.0,
    "beta_anneal": true,
    "anneal_epochs": 10,
    "latent_dim": 12,
    "tag": "_V2_betaanneal"
  },
  "config": {
    "latent_dim": 12,
    "hidden_dims": [
      128,
      64,
      32
    ],
    "learning_rate": 0.001,
    "batch_size": 64,
    "epochs": 100,
    "beta": 1.0,
    "anomaly_percentile": 95
  }
}