epoch,train_loss,val_loss,epoch_time_s
1,0.8694604054450988,0.82295853805542,4.75
2,0.720873213148117,0.7198916005134582,2.01
3,0.6657952094078063,0.6617224123954772,1.99
