{
  "smoke": false,
  "xgb_model": "/Users/rishabh/Documents/Eco-Sem8/eco-sem8-group-project/models/xgboost_soh/xgboost_soh_audited.json",
  "val": {
    "accuracy": 0.9757340096423712,
    "f1_macro": 0.9449476590845391,
    "f1_per_class": {
      "A": 0.9826519085477684,
      "B": 0.8972186119053808,
      "C": 0.907630362774461,
      "D": 0.9922897531105466
    }
  },
  "test": {
    "accuracy": 0.9598562829670055,
    "f1_macro": 0.9282361437412642,
    "f1_per_class": {
      "A": 0.976724559329186,
      "B": 0.8438851171091608,
      "C": 0.9074635361081466,
      "D": 0.9848713624185632
    }
  },
  "gates": {
    "accuracy \u2265 0.90": true,
    "f1_macro \u2265 0.85": true
  }
}